"Reference","Qty","Value","DNP","Exclude from BOM","Exclude from Board","Exclude from Simulation","Exclude from Position Files","Footprint","Datasheet"
"A1","1","RaspberryPi_Pico","","","","","${EXCLUDE_FROM_POS_FILES}","Module:RaspberryPi_Pico_Common_THT","https://datasheets.raspberrypi.com/pico/pico-datasheet.pdf"
"C1","1","470u","","","","","${EXCLUDE_FROM_POS_FILES}","Capacitor_Tantalum_SMD:CP_EIA-7343-31_Kemet-D_HandSolder",""
"C2,C3,C4,C5,C6,C7,C8,C9,C10,C11,C12,C13","12","100n","","","","","${EXCLUDE_FROM_POS_FILES}","Capacitor_SMD:C_0603_1608Metric_Pad1.08x0.95mm_HandSolder",""
"D1,D2,D3,D4,D5,D6,D7,D8,D9,D10,D11,D12,D13,D14,D15,D16,D17,D18,D19,D20,D21,D22,D23,D24,D25,D26,D27,D28,D29,D30,D31,D32,D33,D34,D35,D36,D37,D38,D39,D40,D41,D42,D43,D44,D45,D46,D47,D48,D49,D50,D51,D52,D53,D54,D55,D56,D57,D58,D59,D60,D61","61","1N4148","","","","","${EXCLUDE_FROM_POS_FILES}","Diode_THT:D_DO-35_SOD27_P7.62mm_Horizontal","https://assets.nexperia.com/documents/data-sheet/1N4148_1N4448.pdf"
"R1","1","330","","","","","${EXCLUDE_FROM_POS_FILES}","Resistor_SMD:R_0603_1608Metric_Pad0.98x0.95mm_HandSolder",""
"RGB1,RGB2,RGB3,RGB4,RGB5,RGB6,RGB7,RGB8,RGB9,RGB10,RGB11,RGB12,RGB13,RGB14,RGB15,RGB16,RGB17,RGB18,RGB19,RGB20,RGB21,RGB22,RGB23,RGB24,RGB25,RGB26,RGB27,RGB28,RGB29,RGB30,RGB31,RGB32,RGB33,RGB34,RGB35,RGB36,RGB37,RGB38,RGB39,RGB40,RGB41,RGB42,RGB43,RGB44,RGB45,RGB46,RGB47,RGB48,RGB49,RGB50,RGB51,RGB52,RGB53,RGB54,RGB55,RGB56,RGB57,RGB58,RGB59,RGB60,RGB61","61","SK6812MINI-E","","","","","${EXCLUDE_FROM_POS_FILES}","LED_SMD:LED_SK6812MINI-E_3.2x2.8mm_P1.5mm_ReverseMount","https://www.lcsc.com/datasheet/C5149201.pdf"
"S1","1","MX_stab","","","","","${EXCLUDE_FROM_POS_FILES}","PCM_marbastlib-mx:STAB_MX_3u",""
"S2","1","MX_stab","","","","","${EXCLUDE_FROM_POS_FILES}","PCM_marbastlib-mx:STAB_MX_2u",""
"S3,S4,S5","3","MX_stab","","","","","${EXCLUDE_FROM_POS_FILES}","PCM_marbastlib-mx:STAB_MX_2.25u",""
"SW1,SW2,SW3,SW4,SW5,SW6,SW7,SW8,SW9,SW10,SW11,SW12,SW13,SW14,SW15,SW16,SW17,SW18,SW19,SW20,SW21,SW22,SW23,SW24,SW25,SW26,SW27,SW28,SW29,SW30,SW31,SW32,SW33,SW34,SW35,SW36,SW37,SW38,SW39,SW40,SW41,SW42,SW43,SW44,SW45,SW46,SW47,SW48,SW49,SW50,SW51,SW52,SW53,SW54,SW55,SW56,SW57,SW58,SW59,SW60,SW61","61","SW_Push","","","","","${EXCLUDE_FROM_POS_FILES}","PCM_marbastlib-mx:SW_MX_HS_CPG151101S11_1u",""
